{"id":"quiz12","dname":"Quiz By Vidul2","questions":[{"question":"Are You A Task Reviewer?","answer1":"Yes","answer2":"No","answer3":"Maybe","answer4":"IDK","canswer":"Yes"},{"question":"Are You A Task Reviewer?","answer1":"Yes","answer2":"No","answer3":"Maybe","answer4":"IDK","canswer":"Yes"},{"question":"Are You A Task Reviewer?","answer1":"Yes","answer2":"No","answer3":"Maybe","answer4":"IDK","canswer":"Yes"},{"question":"Are You A Task Reviewer?","answer1":"Yes","answer2":"No","answer3":"Maybe","answer4":"IDK","canswer":"Yes"},{"question":"Are You A Task Reviewer?","answer1":"Yes","answer2":"No","answer3":"Maybe","answer4":"IDK","canswer":"Yes"}]}